id,created_timestamp,title,description,category_label,category_tag,company_name,salary_min,salary_max,country,state,county,city,lat,lon,search_state,search_term
5528362930,2025-12-04T16:10:00Z,"Machine Learning Engineer II, Logistics AI","We're transforming the grocery industry At Instacart, we invite the world to share love through food because we believe everyone should have access to the food they love and more time to enjoy it together. Where others see a simple need for grocery delivery, we see exciting complexity and endless opportunity to serve the varied needs of our community. We work to deliver an essential service that customers rely on to get their groceries and household goods, while also offering safe and flexible …",IT Jobs,it-jobs,Instacart,103636.12,103636.12,US,California,Butte County,Chico,39.746132,-121.844875,CA,machine learning
5528362949,2025-12-04T16:10:00Z,"Machine Learning Engineer II, Logistics AI","We're transforming the grocery industry At Instacart, we invite the world to share love through food because we believe everyone should have access to the food they love and more time to enjoy it together. Where others see a simple need for grocery delivery, we see exciting complexity and endless opportunity to serve the varied needs of our community. We work to deliver an essential service that customers rely on to get their groceries and household goods, while also offering safe and flexible …",IT Jobs,it-jobs,Instacart,106749.01,106749.01,US,California,San Diego County,San Diego,32.726967,-117.164709,CA,machine learning
5528371698,2025-12-04T16:11:27Z,"Machine Learning Engineer II, Logistics AI","We're transforming the grocery industry At Instacart, we invite the world to share love through food because we believe everyone should have access to the food they love and more time to enjoy it together. Where others see a simple need for grocery delivery, we see exciting complexity and endless opportunity to serve the varied needs of our community. We work to deliver an essential service that customers rely on to get their groceries and household goods, while also offering safe and flexible …",IT Jobs,it-jobs,Instacart,105370.3,105370.3,US,California,Merced County,Merced,37.375415,-120.380194,CA,machine learning
5528362945,2025-12-04T16:10:00Z,"Machine Learning Engineer II, Logistics AI","We're transforming the grocery industry At Instacart, we invite the world to share love through food because we believe everyone should have access to the food they love and more time to enjoy it together. Where others see a simple need for grocery delivery, we see exciting complexity and endless opportunity to serve the varied needs of our community. We work to deliver an essential service that customers rely on to get their groceries and household goods, while also offering safe and flexible …",IT Jobs,it-jobs,Instacart,101525.93,101525.93,US,California,Los Angeles County,Los Angeles,,,CA,machine learning
5528363155,2025-12-04T16:10:02Z,"Machine Learning Engineer II, Logistics AI","We're transforming the grocery industry At Instacart, we invite the world to share love through food because we believe everyone should have access to the food they love and more time to enjoy it together. Where others see a simple need for grocery delivery, we see exciting complexity and endless opportunity to serve the varied needs of our community. We work to deliver an essential service that customers rely on to get their groceries and household goods, while also offering safe and flexible …",IT Jobs,it-jobs,Instacart,108914.15,108914.15,US,California,Los Angeles County,Northridge,34.241394,-118.550616,CA,machine learning
5528356940,2025-12-04T16:09:08Z,"Machine Learning Engineer II, Logistics AI","We're transforming the grocery industry At Instacart, we invite the world to share love through food because we believe everyone should have access to the food they love and more time to enjoy it together. Where others see a simple need for grocery delivery, we see exciting complexity and endless opportunity to serve the varied needs of our community. We work to deliver an essential service that customers rely on to get their groceries and household goods, while also offering safe and flexible …",IT Jobs,it-jobs,Instacart,98591.39,98591.39,US,California,Kern County,Bakersfield,35.387358,-119.016896,CA,machine learning
5528330641,2025-12-04T16:04:57Z,"Machine Learning Engineer II, Logistics AI","We're transforming the grocery industry At Instacart, we invite the world to share love through food because we believe everyone should have access to the food they love and more time to enjoy it together. Where others see a simple need for grocery delivery, we see exciting complexity and endless opportunity to serve the varied needs of our community. We work to deliver an essential service that customers rely on to get their groceries and household goods, while also offering safe and flexible …",IT Jobs,it-jobs,Instacart,102809.02,102809.02,US,California,San Joaquin County,Stockton,37.957384,-121.288386,CA,machine learning
5528330601,2025-12-04T16:04:56Z,"Machine Learning Engineer II, Logistics AI","We're transforming the grocery industry At Instacart, we invite the world to share love through food because we believe everyone should have access to the food they love and more time to enjoy it together. Where others see a simple need for grocery delivery, we see exciting complexity and endless opportunity to serve the varied needs of our community. We work to deliver an essential service that customers rely on to get their groceries and household goods, while also offering safe and flexible …",IT Jobs,it-jobs,Instacart,100593.19,100593.19,US,California,Sacramento County,Sacramento,38.596713,-121.494174,CA,machine learning
5464054846,2025-10-25T08:35:38Z,Machine Learning Engineer,"Rebel Space Technologies is seeking a talented and experienced Machine Learning Engineer to join our team. Machine Learning Engineer: At Rebel Space, our mission is to protect critical space infrastructure through enhanced observability and space system cybersecurity. We believe that as space infrastructure expands, it will be increasingly difficult to secure and monitor these systems against critical failures or evolving cyber threats. To address this, we are building software that empowers de…",IT Jobs,it-jobs,Rebel Space Technologies,140000,220000,US,California,Los Angeles County,Long Beach,33.8232,-118.25851,CA,machine learning
5709003089,2026-04-23T23:09:44Z,Machine Learning Engineer,"Company Overview At Motorola Solutions, we believe that everything starts with our people. We’re a global close-knit community, united by the relentless pursuit to help keep people safer everywhere. We build and connect technologies to help protect people, property and places. Our solutions foster the collaboration that’s critical for safer communities, safer schools, safer hospitals, safer businesses, and ultimately, safer nations. Connect with a career that matters, and help us build a safer …",IT Jobs,it-jobs,Motorola Solutions,125720.02,125720.02,US,California,Los Angeles County,Los Angeles,,,CA,machine learning
5455603304,2025-10-19T16:38:48Z,Machine Learning Researcher,"Work Authorization Requirement: Due to the nature of our business and compliance with federal regulations, all candidates must be a ""U.S. Person"". Upon hire, you will be required to provide documentation verifying your status as a U.S. Citizen, a lawful permanent resident, or a protected individual under 8 U.S.C. 1324b(a)(3). Role: Machine Learning Researcher Location: 2550 N First Street Suite 250, San Jose, California 95131 Compensation*: $150,000-$290,000  benefits Role Description We are se…",Scientific & QA Jobs,scientific-qa-jobs,Rivet Industries,150000,290000,US,California,Santa Clara County,San Jose,37.390494,-121.885434,CA,machine learning
5713277342,2026-04-28T23:09:45Z,"Staff Engineer, Machine Learning","We are CARIAD , an automotive software development team with the Volkswagen Group. Our mission is to make the automotive experience safer, more sustainable, more comfortable, more digital, and more fun. To achieve that we are building the leading tech stack for the automotive industry and creating a unified software platform for over 10 million new vehicles per year. We’re looking for talented, digital minds like you to help us create code that moves the world. Together with you, we’ll build ou…",Engineering Jobs,engineering-jobs,Cariad,196267,269203,US,California,Santa Clara County,Mountain View,37.378535,-122.086585,CA,machine learning
5752317411,2026-06-04T17:01:54Z,Machine Learning Leader - Optical Solutions,"Molex is a global leader in the optical industry, renowned for delivering high-performance, field-proven wavelength management solutions. Our expertise spans components, modules, and integrated line-cards, with a strong focus on innovation, miniaturization, and manufacturing automation. Our advanced optical, mechanical, electrical, and software design capabilities support the evolving needs of high-density, high-bandwidth, and flexible optical networks across telecom, datacom, hyperscale datace…",IT Jobs,it-jobs,Molex,143298.12,143298.12,US,California,Alameda County,Fremont,37.56283,-122.00044,CA,machine learning
5496148757,2025-11-14T09:59:55Z,Machine Learning Researcher / Engineer (Foundational Models),"About Pathway At Pathway we are shaking the foundations of artificial intelligence by introducing the world’s first post-transformer model that adapts and thinks just like humans. Our breakthrough architecture outperforms Transformer and provides the enterprise with full visibility into how the model works. Combining the foundational model with the fastest data processing engine on the market, Pathway enables enterprises to move beyond incremental optimization and toward truly contextualized, e…",IT Jobs,it-jobs,Pathway,100000,100000,US,California,Santa Clara County,Palo Alto,37.445797,-122.157575,CA,machine learning
5756473105,2026-06-08T15:13:18Z,Supply planning Manager,"Supply Planning Manager Location: Santa Clara, CA Duration: Full-time/Perm Client, a semiconductor company headquartered in the heart of California's Silicon Valley, is a leader in purpose-built connectivity solutions for data-centric systems throughout the data center. Partnering with leading processor vendors, cloud service providers, seasoned investors, and world-class manufacturing companies, client is helping customers remove performance bottlenecks in data-intensive systems that are limit…",IT Jobs,it-jobs,InterSources,139542.25,139542.25,US,California,Santa Clara County,Santa Clara,37.34901,-121.93915,CA,machine learning
5634631196,2026-02-18T10:28:29Z,Robotics Controls Engineer,"Company Description Backed by leading climate and American dynamism investors, Terranova builds intelligent robotic systems to terraform the Earth itself - lifting land, restoring wetlands, and protecting critical infrastructure from floods and sea-level rise. Our mission is to preserve the built environment, create new habitats, and usher in an era of abundance. Our work supports climate resilience, disaster recovery, and defense across the United States and beyond. We’re assembling a world-cl…",Engineering Jobs,engineering-jobs,Terranova,99926.75,99926.75,US,California,Alameda County,Berkeley,37.868058,-122.285237,CA,machine learning
5752632976,2026-06-04T21:25:18Z,Senior Data Governance Professional,"At Cotality, we are driven by a single mission-to make the property industry faster, smarter, and more people-centric. Cotality is the trusted source for property intelligence, with unmatched precision, depth, breadth, and insights across the entire ecosystem. Our talented team of 5,000 employees globally uses our network, scale, connectivity and technology to drive the largest asset class in the world. Join us as we work toward our vision of fueling a thriving global property ecosystem and a m…",IT Jobs,it-jobs,Cotality,128154.77,128154.77,US,California,Orange County,Irvine,33.751486,-117.75493,CA,machine learning
5734612748,2026-05-19T21:27:07Z,Senior Technical Product Manager (AI Platforms),"Senior Technical Product Manager (AI Platforms) Remote | AI / Test Automation | Competitive Salary  Equity Senior or Principal-level TPM role at a fast-scaling AI-powered software company Own the end-to-end product lifecycle for intelligent, AI-driven testing systems Deep technical scope across AI/ML, APIs, distributed systems and platform architecture Fully remote working with genuine autonomy and trust Competitive salary, equity opportunities and comprehensive benefits About the Company Our c…",IT Jobs,it-jobs,Ocho People,175346.98,175346.98,US,California,San Francisco,,37.798085,-122.466538,CA,machine learning
5696316943,2026-04-10T23:17:27Z,"Senior Data Scientist, Data Analytics & Reporting (N380)","Salary Range: $9,333.00 - $12,576.46 monthly SUMMARY The Los Angeles County Department of Homeless Services and Housing (HSH) consolidates our countywide response to homelessness. The driving force behind HSH is increasing accountability and transparency, improving care for people experiencing or at risk of homelessness, and streamlining collaboration with partners including services providers, the County’s 88 cities, and unincorporated areas to deliver high-quality, life-saving care. Staff sch…",IT Jobs,it-jobs,Heluna Health,111996,150917,US,California,Los Angeles County,Textile Finance,34.043238,-118.250918,CA,machine learning
5645458188,2026-02-25T16:00:45Z,"Senior Data Scientist, Data Analytics & Reporting (N92)","Salary Range: $9,333.00 - $12,576.46 per month SUMMARY The Los Angeles County Department of Homeless Services and Housing (HSH) consolidates our countywide response to homelessness. The driving force behind HSH is increasing accountability and transparency, improving care for people experiencing or at risk of homelessness, and streamlining collaboration with partners including services providers, the County’s 88 cities, and unincorporated areas to deliver high-quality, life-saving care. Staff s…",IT Jobs,it-jobs,Heluna Health,111996,150917,US,California,Los Angeles County,Textile Finance,34.043238,-118.250918,CA,machine learning
5746310017,2026-05-31T03:35:35Z,Staff GenAI/ML Engineer (Emerging Tech & AI Automation) Project Hire,"Job Posting Title: Staff GenAI/ML Engineer (Emerging Tech & AI Automation) Project Hire Req ID: 10141861 Job Description: At Disney, we’re storytellers. We make the impossible, possible. The Walt Disney Company (TWDC) is a world-class entertainment and technological leader. Walt’s passion was to continuously envision new ways to move audiences around the world—a passion that remains our touchstone in an enterprise that stretches from theme parks, resorts and a cruise line to sports, news, movie…",IT Jobs,it-jobs,The Walt Disney Company,179700,241000,US,California,Los Angeles County,Burbank,34.203909,-118.293589,CA,machine learning
5345158491,2025-08-09T03:06:18Z, Computational Materials Scientist ,"Overview We look for computational materials scientists excited about bridging the gap between materials/chemistry, data science, and computer science to help us develop a software framework for designing and discovering new advanced materials and chemicals. Work will focus on (1) the application of nanoscale modeling to large sets of materials, surfaces, and reaction pathways with minimal human input, (2) organizing the data produced by the models and experimental validation, (3) establishing …",Scientific & QA Jobs,scientific-qa-jobs,Mat3ra,90000,140000,US,California,Contra Costa County,Waldon,37.90212,-122.05572,CA,machine learning
5345158547,2025-08-09T03:06:19Z, Lead Frontend Engineer (React.js) ,"Overview We look for Senior Engineers looking for challenging work to bridge the gap between materials/chemistry, AI/ML , and computer science to help us develop a software framework for designing and discovering new advanced materials and chemicals. More about our codebase and team on our GitHub page . Work will focus on (1) building 3D and 2D design applications for nanoscale materials and chemistry, (2) organizing the data produced by the models and experimental validation, (3) implementing …",Scientific & QA Jobs,scientific-qa-jobs,Mat3ra,120000,180000,US,California,San Francisco,,37.798085,-122.466538,CA,machine learning
5345158494,2025-08-09T03:06:18Z, Head of Engineering,"Overview We look for Senior Engineers excited about bridging the gap between materials/chemistry, data science, and computer science to help us develop a software framework for designing and discovering new advanced materials and chemicals. More about our codebase and team on our GitHub page . Work will focus on (1) building a cloud-based distributed web platform for nanoscale materials and chemistry, (2) planning and organizing the work of the engineering team, (3) establishing the architectur…",IT Jobs,it-jobs,Mat3ra,130000,200000,US,California,Contra Costa County,Waldon,37.90212,-122.05572,CA,machine learning
5345158492,2025-08-09T03:06:18Z,☄️ Lead Software Engineer (Node.js) ☄️,"Overview We look for Senior Engineers excited about bridging the gap between materials/chemistry, data science, and computer science to help us develop a software framework for designing and discovering new advanced materials and chemicals. More about our codebase and team on our GitHub page . Work will focus on (1) building 3D and 2D design applications for nanoscale materials and chemistry, (2) organizing the data produced by the models and experimental validation, (3) establishing the infras…",IT Jobs,it-jobs,Mat3ra,120000,180000,US,California,Contra Costa County,Waldon,37.90212,-122.05572,CA,machine learning
5345158308,2025-08-09T03:06:15Z,☁ Cloud HPC Engineer ☁,"Overview We are building the real-world J.A.R.V.I.S. for materials RnD ( https://exabyte.io/img/iron-man-creates-material.gif ) and looking for Senior Engineers excited about bridging the gap between materials/chemistry, data science, and computer science to help us develop a software framework for designing and discovering new advanced materials and chemicals. More about our codebase and team on our GitHub page . Work will focus on (1) building a cloud-based high-performance computing platform…",IT Jobs,it-jobs,Mat3ra,130000,200000,US,California,Contra Costa County,Waldon,37.90212,-122.05572,CA,machine learning
5751363913,2026-06-03T21:27:06Z,Forward Deployed Robotics Engineer,"Robotics Software Engineer - Autonomous Systems & Field Deployment Partnering with an exciting defence technology client SR2 is supporting an innovative, venture-backed autonomous systems company that is building the next generation of scalable robotics and defence technology. We're looking for an experienced Robotics Software Engineer who enjoys working across both deep technical development and real-world deployment. This is an opportunity to help deliver cutting-edge autonomous aerial system…",IT Jobs,it-jobs,SR2 REC LTD,200000,300000,US,California,San Francisco,,37.798085,-122.466538,CA,machine learning
5345158312,2025-08-09T03:06:15Z, Community Evangelist ,"Overview We look for outgoing people with strong technical backgrounds (Scientists/Engineers) seeking to diversify their skills to help us develop a vibrant global community around the software platform for designing and discovering new advanced materials and chemicals. Work will focus on (1) identifying strategic pathways for community growth, (2) preparing the relevant content including case studies and technical presentations, (3) delivering content and measuring KPI. Successful candidates w…",Scientific & QA Jobs,scientific-qa-jobs,Mat3ra,100000,140000,US,California,San Francisco,,37.798085,-122.466538,CA,machine learning
5345158319,2025-08-09T03:06:15Z,✍️ Grant Writer ✍️,"Overview Join us in building the real-world J.A.R.V.I.S. for materials RnD ( https://exabyte.io/img/iron-man-creates-material.gif ). We look for people with strong technical backgrounds (Scientists/Engineers) seeking to diversify their skills to help us develop and execute public sector business development strategy around the software platform for designing and discovering new advanced materials and chemicals. Work will focus on (1) identifying strategic pathways for public sector growth, (2) …",Scientific & QA Jobs,scientific-qa-jobs,Mat3ra,100000,140000,US,California,Contra Costa County,Waldon,37.90212,-122.05572,CA,machine learning
5345158374,2025-08-09T03:06:16Z,✏️ UX Design Lead ✏️,"Overview We are building the real-world J.A.R.V.I.S. for materials RnD ( https://exabyte.io/img/iron-man-creates-material.gif ). Calling out experienced product designers - people with strong technical backgrounds (STEM degree, experience in similar industries) seeking to design and build a comprehensive web-based platform (think AutoDesk, SAP, Adobe Creative Cloud, Azure ML Studio) for digital materials RnD. Work will focus on (1) identifying strategic pathways for product design, (2) preparin…",IT Jobs,it-jobs,Mat3ra,120000,180000,US,California,Contra Costa County,Waldon,37.90212,-122.05572,CA,machine learning
5345158310,2025-08-09T03:06:15Z,✅ Product Development Lead ✅,"Overview We are building the real-world J.A.R.V.I.S. for materials RnD ( https://exabyte.io/img/iron-man-creates-material.gif ). Calling out experienced product managers - people with strong technical backgrounds (STEM degree, experience in similar industries) seeking to design and build a comprehensive web-based platform (think AutoDesk, SAP, Adobe Creative Cloud, Azure ML Studio) for digital materials RnD. Work will focus on (1) identifying strategic pathways for product development, (2) prep…",IT Jobs,it-jobs,Mat3ra,120000,180000,US,California,Contra Costa County,Waldon,37.90212,-122.05572,CA,machine learning
5345158274,2025-08-09T03:06:14Z, Business Development Lead ,"Overview You will team up with us to design and build a comprehensive web-based platform (think AutoDesk, SAP, Adobe Creative Cloud, Azure ML Studio) for digital materials RnD. You will team up with us to identify market opportunities and build an enterprise-focused sales team from the ground up. We have a set of Fortune 500 customers (example case studies are at mat3ra.com/case-studies ). You will explore growth and business development opportunities with them and source new ones. Your career …",Sales Jobs,sales-jobs,Mat3ra,120000,180000,US,California,Contra Costa County,Walnut Creek,37.865566,-122.0667,CA,machine learning
5721178923,2026-05-06T23:39:33Z,Senior Geospatial Scientist,"About Matter Intelligence Welcome to Matter, where we are building the future of vision AI: pairing a world-first sensor that sees molecular chemistry, temperature, and 3D shape with a Large World Model that will be the most powerful intelligence engine for our physical world. This system doesn't just see what something looks like; it understands everything from a single pixel. We call this Superintelligent Vision. You'll join a team that has delivered technologies to Mars for NASA/JPL, co-foun…",Scientific & QA Jobs,scientific-qa-jobs,Matter Intelligence,129702.65,129702.65,US,California,San Francisco,,37.798085,-122.466538,CA,machine learning
5667002788,2026-03-15T11:52:23Z,88-50101857 Sr. Manager - Strategic Analytics & Intelligence,"The Position Genentech USA, Inc. seeks a Sr. Manager - Strategic Analytics & Intelligence at its South San Francisco, CA location. Duties: Within global pharmaceutical company, leverage knowledge of data analytics to provide strategic recommendations and actionable insights that benefit customers and patients. Utilize Python, R, SQL and SAS analytic tools to analyze secondary data and translate data analyses into concise, compelling business cases that influence business decisions and strategie…",Scientific & QA Jobs,scientific-qa-jobs,Roche,232299.89,232299.89,US,California,San Mateo County,South San Francisco,37.65319,-122.418411,CA,machine learning
5639876433,2026-02-21T10:32:10Z,"Principal Engineer, AI/ML Software","About Analog Devices Analog Devices, Inc. (NASDAQ: ADI ) is a global semiconductor leader that bridges the physical and digital worlds to enable breakthroughs at the Intelligent Edge. ADI combines analog, digital, and software technologies into solutions that help drive advancements in digitized factories, mobility, and digital healthcare, combat climate change, and reliably connect humans and the world. With revenue of more than $9 billion in FY24 and approximately 24,000 people globally, ADI …",Engineering Jobs,engineering-jobs,Analog Devices,230000,316250,US,California,Santa Clara County,San Jose,37.390494,-121.885434,CA,machine learning
5372871343,2025-08-28T20:48:57Z,Software Engineer: Perception,"About Lodestar Lodestar's mission is to develop the first ""Protect and Defend"" capability for high-value space assets in orbit. Our flagship product MITHRIL is the critical hardware & software necessary to augment any off-the-shelf spacecraft with the ability to autonomously detect, characterise, and reversibly neutralise orbital threats. By building on the proven space heritage of our best-in-class satellite-bus partners and fully integrating MITHRIL as a single platform, we deliver a fully au…",IT Jobs,it-jobs,Lodestar,115000,140000,US,California,Los Angeles County,Los Angeles,,,CA,machine learning
5372747400,2025-08-28T18:13:43Z,Software Engineer: On-board Autonomy,"About Lodestar Lodestar's mission is to develop the first ""Protect and Defend"" capability for high-value space assets in orbit. Our flagship product, MITHRIL, is our hardware-agnostic, AI-enabled autonomy software suite that enables us to augment any off-the-shelf spacecraft with the ability to autonomously detect, characterise, and reversibly neutralise orbital threats. By building on the proven space heritage of our best-in-class satellite-bus partners and fully integrating MITHRIL into singl…",IT Jobs,it-jobs,Lodestar,120000,145000,US,California,Los Angeles County,Los Angeles,,,CA,machine learning
5751363013,2026-06-03T21:26:42Z,Enforcement Operations Specialist,"Remote Enforcement Operations Specialist Opportunity Job Title: Enforcement Operations Specialist Location: Remote Duration: 6 Months (Potential Extension up to 12-24 Months) Pay Rate: $90 - 120.00/hr Position Overview As an Enforcement Operations Specialist on the Safeguards Team, you will be responsible for labeling data used for classifier development, implementing enforcement workflows, communicating with customers regarding user safety concerns, reviewing flagged content for account abuse …",IT Jobs,it-jobs,Signature Consultants,166400,249600,US,California,San Francisco,,37.798085,-122.466538,CA,machine learning
5345158376,2025-08-09T03:06:16Z,️ Public Sector Business Development Lead ️,"Overview We are building the real-world J.A.R.V.I.S. for materials R&D ( https://exabyte.io/img/iron-man-creates-material.gif ). You will team up with us to design and build a comprehensive web-based platform (think AutoDesk, SAP, Adobe Creative Cloud, Azure ML Studio) for digital materials RnD. You will team up with us to identify market opportunities and build relationships with public sector entities - Governmental Agencies, Research Organizations, etc. from the ground up. We have a set of p…",Sales Jobs,sales-jobs,Mat3ra,120000,180000,US,California,Contra Costa County,Walnut Creek,37.865566,-122.0667,CA,machine learning
5658796941,2026-03-08T17:20:59Z,"Staff Software Engineer, Data Platform (FedRamp)","Secure Every Identity, from AI to Human Identity is the key to unlocking the potential of AI. Okta secures AI by building the trusted, neutral infrastructure that enables organizations to safely embrace this new era. This work requires a relentless drive to solve complex challenges with real-world stakes. We are looking for builders and owners who operate with speed and urgency and execute with excellence. This is an opportunity to do career-defining work. We're all in on this mission. If you a…",IT Jobs,it-jobs,Okta,194000,267000,US,California,San Francisco,,37.798085,-122.466538,CA,machine learning
5746316795,2026-05-31T03:57:56Z,"Director, Decision Science AI/ML Engineering & Ops","Job Posting Title: Director, Decision Science AI/ML Engineering & Ops Req ID: 10151158 Job Description: Do you thrive on transforming brilliant and complex science into robust, scalable software? Are you driven to advance the platforms and tools that empower scientists to do their best work, faster? Are you energized about building the capabilities that allow data scientists to move from ""proof-of-concept"" to ""global production"" with the push of a button? We are looking for a visionary leader t…",Scientific & QA Jobs,scientific-qa-jobs,The Walt Disney Company,228700,306700,US,California,Los Angeles County,Burbank,34.203909,-118.293589,CA,machine learning
5617669287,2026-02-06T14:24:02Z,Internet Evaluator,"Employee Sub-Group: Perm PT Hourly Work Schedule: Part Time- Regular up to 20 hours per week Location: USA Position Title: Rater About TELUS International We partner with the world's most innovative companies to develop and improve their AI powered products. Whether it’s improving the relevance of search engines or training digital assistants to understand more languages and dialects, our teams help break machine-learning barriers and build human-learning bridges around the world  and you can b…",IT Jobs,it-jobs,TELUS International,99827.59,99827.59,US,California,Los Angeles County,Vermont,34.089929,-118.294103,CA,machine learning
5732238235,2026-05-17T03:19:57Z,Junior Data Platform Engineer,"Are you ready to embark on a career that truly affects people around the world? Trulioo invites you to be a catalyst for change in the dynamic realm of digital identity verification. As the global front-runner in our industry, we are redefining how businesses grow, innovate and comply online. Picture yourself at the forefront of innovation, contributing to our award-winning platform that enables organizations worldwide to quickly onboard customers, optimize costs and combat fraud. Fueled by Sil…",IT Jobs,it-jobs,Trulioo,90000,110000,US,California,San Diego County,San Diego,32.726967,-117.164709,CA,machine learning
5736203805,2026-05-21T04:57:41Z,Software Engineer (Generalist),"About Remedy Robotics Cardiovascular disease is the 1 cause of morbidity and mortality in the world. Much of this could be prevented with better access to specialist care. Take stroke as an example: any delay in treatment can lead to permanent disability or death. However, due to a lack of specialist surgeons, the most effective intervention can only be performed in 2% of US hospitals. For patients who present to one of the 98% of hospitals that do not offer the surgery, treatment is either sig…",IT Jobs,it-jobs,Remedy Robotics,304592.75,304592.75,US,California,San Francisco,,37.798085,-122.466538,CA,machine learning
5755216094,2026-06-07T02:48:15Z,Enterprise AI Solutions Consultant,"Elevate the Future of Global Content with TransPerfect AI TransPerfect is the leading solution provider of AI, Technology, and Data solutions; we are the engine behind the global AI revolution. As we continue to redefine how the world’s largest enterprises process, train, and deploy data, we are seeking a high-caliber AI Sales Representative to join our elite Business Development team. This is a hunter role designed for a sophisticated sales professional who thrives at the intersection of cutti…",Sales Jobs,sales-jobs,TransPerfect,110000,150000,US,California,San Francisco,,37.798085,-122.466538,CA,machine learning
5755216103,2026-06-07T02:48:15Z,Enterprise AI Solutions Consultant,"Elevate the Future of Global Content with TransPerfect AI TransPerfect is the leading solution provider of AI, Technology, and Data solutions; we are the engine behind the global AI revolution. As we continue to redefine how the world’s largest enterprises process, train, and deploy data, we are seeking a high-caliber AI Sales Representative to join our elite Business Development team. This is a hunter role designed for a sophisticated sales professional who thrives at the intersection of cutti…",Sales Jobs,sales-jobs,TransPerfect,110000,150000,US,California,Los Angeles County,Los Angeles,33.96979,-118.246815,CA,machine learning
5755216107,2026-06-07T02:48:16Z,Enterprise AI Solutions Consultant,"Elevate the Future of Global Content with TransPerfect AI TransPerfect is the leading solution provider of AI, Technology, and Data solutions; we are the engine behind the global AI revolution. As we continue to redefine how the world’s largest enterprises process, train, and deploy data, we are seeking a high-caliber AI Sales Representative to join our elite Business Development team. This is a hunter role designed for a sophisticated sales professional who thrives at the intersection of cutti…",Sales Jobs,sales-jobs,TransPerfect,110000,150000,US,California,San Diego County,San Diego,32.726967,-117.164709,CA,machine learning
5672113298,2026-03-19T13:29:03Z,AI Benchmark & Datasets Engineer / Researcher,"About Pathway Pathway builds the first post-transformer frontier model that solves AI's fundamental memory problem. While transformers wake up in the same state every time—like Groundhog Day—our architecture enables true continuous learning, infinite context reasoning, and real-time adaptation. We're not optimizing yesterday's technology; we're building what comes after transformers. Our breakthrough architecture outperforms Transformer and provides the enterprise with full visibility into how …",IT Jobs,it-jobs,Pathway,100000,100000,US,California,Santa Clara County,Palo Alto,37.445797,-122.157575,CA,machine learning
5726714422,2026-05-12T05:47:39Z,Zonal Distribution Leader,"We are currently looking for a Zonal Distribution Leader based in San Francisco or Los Angeles. This is a hybrid role. Your Team Allianz Commercial (AzC) employs the brightest, most passionate people in the insurance industry. We'd love for you to join our growing team! We invest in our people through training and professional development while supporting you along the way-all so you can meet your career goals. To us, the most important measure of our success is yours. The Impact You Will Have …",Sales Jobs,sales-jobs,Allianz,192002.6,192002.6,US,California,San Francisco,Hayes Valley,37.775,-122.4183,CA,machine learning
5755057489,2026-06-07T00:07:27Z,GNC Engineer (Optical Systems),"As a Guidance, Navigation, and Control Engineer (Optical Systems) at Impulse Space, you will own all aspects of and provide outstanding technical contribution to star trackers and optical navigation systems in all phases of development and operation while working closely with a fast paced, agile team. Responsibilities Implement GNC flight, test, and analysis artifacts for high-performance GNC-adjacent optical systems produced at scale Develop robust identification, attitude resolution, and obje…",Engineering Jobs,engineering-jobs,Impulse Space,125000,155000,US,California,Los Angeles County,Lawndale,33.870212,-118.373359,CA,machine learning
